StationID,StreamName,Latitude,Longitude,HUC8,HUC8Name,HUC10,HUC12,HUC12Name,County,Year,SmallStreamIBI,Richness,RichnessIntolerantEPT,BecksIndex,Hilsenhoff_Index,Shannon_Diversity_Index,PctIntolerant,PctIntolerantMayfly,PctDominantTaxon,InstreamCover,EpifaunalSubstrate,Embeddedness,VelocityDepthRegime,ChannelAlteration,SedimentDeposition,RiffleFrequency,ChannelFlowStatus,ConditionBanks,BankVegetationProtection,Grazing,RiparianVegetativeZone,TotalHabitatScore,TotalWatershedArea,PctWaterLandCover,PctOpenDevelopedLandCover,PctLowDensityDevelopedLandCover,PctMediumDensityDevelopedLandCov,PctHighDensityDevelopedLandCover,PctBarrenLandCover,PctDeciduousForestLandCover,PctEvergreenForestLandCover,PctMixedForestLandCover,PctScrubShrubLandCover,PctGrasslandCover,PctPastureHayLandCover,PctRowCropLandCover,PctWoodyWetlandLandCover,PctHerbaceousWetlandLandCover,mayfly,caddisfly,stonefly,flies,beetles,stream_qlty,stream_diversity
20110318-1300-efilip,Crum Creek  Unnamed  To (ID:25620282),40.00497522,-75.49092095,02040202,Lower Delaware,0204020206,020402020601,Crum Creek,Chester,2011,54.83480745,20,7,10,3.96666667,2.40688366,39.52380952,3.80952381,20.47619048,12,19,13,14,20,12,20,19,10,18,12,12,181,2.04707419,0,27.3,2.7,0.6,0,0,31.2,1.7,1.3,6.5,1.6,17.9,4.8,4.3,0,8,50,28,79,24,2-Average,3-High
20110318-1500-efilip,Crum Creek  Unnamed  To (ID:25620282),40.00000935,-75.46371759,02040202,Lower Delaware,0204020206,020402020601,Crum Creek,Chester,2011,39.02839585,21,5,5,5.41798942,1.79391414,10.05291005,2.64550265,56.61375661,10,17,9,18,12,8,19,20,10,5,5,4,137,3.32514903,0,30.2,1.8,0.8,0,0,32.1,1.1,1,5.7,1,17.5,3.7,5,0.2,5,20,10,110,24,2-Average,2-Medium
20110414-1240-efilip,East Branch White Clay Creek  Unnamed  To (ID:26108858),39.84645384,-75.79783812,02040205,Brandywine-Christina,0204020503,020402050303,East Branch White Clay Creek,Chester,2011,52.9202428,17,6,4,2.9368932,1.97586109,57.2815534,54.36893204,43.2038835,13,14,14,15,17,9,15,19,5,5,3,3,132,4.77210489,0,9,0.2,0,0,0,19.3,0.1,0.1,2.4,0,52.4,13.3,2.7,0.3,112,13,1,36,43,1-Poor,2-Medium
20110414-1455-efilip,East Branch White Clay Creek,39.83048912,-75.78184022,02040205,Brandywine-Christina,0204020503,020402050303,East Branch White Clay Creek,Chester,2011,52.64490881,23,7,6,3.61373391,1.84678988,42.48927039,39.91416309,39.05579399,16,15,11,20,20,11,15,18,10,16,15,15,182,11.22329023,0,11.9,1.3,0.4,0.2,0,18.3,0.2,0.4,2.5,0.1,44,17.6,2.8,0.3,93,8,4,70,51,2-Average,2-Medium
20110415-1330-efilip,East Branch White Clay Creek,39.85858615,-75.7832084,02040205,Brandywine-Christina,0204020503,020402050303,East Branch White Clay Creek,Chester,2011,65.62834884,22,10,14,2.23041475,1.64022283,71.42857143,67.74193548,62.67281106,15,16,14,14,17,11,20,17,13,16,18,18,189,2.8011314,0,8.3,0.2,0,0,0,18.8,0.1,0.4,2.6,0.1,48.4,16.8,4.2,0.1,147,43,2,8,12,3-Good,2-Medium
20110415-1550-efilip,East Branch Chester Creek,39.99842535,-75.59423059,02040202,Lower Delaware,0204020206,020402020603,East Branch Chester Creek,Chester,2011,24.95605328,11,2,3,5.4562212,0.92003118,8.29493088,0,78.80184332,9,12,6,12,18,3,16,14,8,15,14,13,140,1.11649116,0,61,18,3.6,0.1,0,9.3,0,0,2.7,0.4,0,3.1,1.7,0,0,30,2,174,6,1-Poor,1-Low
20110418-1115-sunger,Ridley Creek  Unnamed  To (ID:25621116),39.99064718,-75.54833565,02040202,Lower Delaware,0204020206,020402020602,Ridley Creek,Chester,2011,25.87003223,15,1,1,5.78059072,1.39828561,0.84388186,0,56.54008439,12,10,8,14,18,11,12,18,9,15,17,14,158,4.02777745,0.3,47.8,13,4.1,0.3,0,19.7,0.3,0.4,3.8,0.3,3.4,2.7,3.8,0.1,0,27,0,173,31,1-Poor,1-Low
20110418-1320-sunger,Ridley Creek,39.99252795,-75.53922984,02040202,Lower Delaware,0204020206,020402020602,Ridley Creek,Chester,2011,31.89896486,15,4,3,5.44607843,1.65863052,2.45098039,4.41176471,53.92156863,15,11,11,15,18,13,14,17,12,15,15,13,169,3.1929284,0.1,42.1,3.9,1.5,0.1,0,20.8,0.3,2.1,6,0.1,13.2,6.5,3.3,0.1,9,14,0,127,51,1-Poor,2-Medium
20110419-1415-efilip,East Branch Chester Creek,39.95434479,-75.54994178,02040202,Lower Delaware,0204020206,020402020603,East Branch Chester Creek,Chester,2011,26.67419151,13,2,0,5.49029126,1.47846203,2.42718447,0,50.48543689,13,16,11,18,13,10,12,18,5,18,15,14,163,8.49547952,1.2,46.5,16,8.3,2.6,0,13,0.6,1,2.7,0.2,3.1,1.7,3.3,0,0,10,5,113,73,1-Poor,1-Low
20110419-1416-efilip,East Branch Chester Creek,39.95432682,-75.54990948,02040202,Lower Delaware,0204020206,020402020603,East Branch Chester Creek,Chester,2011,34.43071843,17,4,2,5.45098039,1.94723639,3.92156863,0.49019608,34.31372549,13,16,11,18,13,10,12,18,5,18,15,14,163,8.49547952,1.2,46.5,16,8.3,2.6,0,13,0.6,1,2.7,0.2,3.1,1.7,3.3,0,1,18,4,90,74,1-Poor,2-Medium
20110420-1045-sunger,Hunters Run,39.97281524,-75.49889986,02040202,Lower Delaware,0204020206,020402020602,Ridley Creek,Chester,2011,29.88737676,14,4,10,5.74871795,0.92339951,4.1025641,0,78.97435897,15,16,13,18,18,10,18,11,12,15,19,18,183,1.74319261,0,36.2,11.1,4.5,0.2,0,27.6,0.2,1,6.1,0,7.2,1.3,4.6,0,0,9,2,175,7,2-Average,1-Low
20110420-1140-efilip,Chester Creek,39.92944475,-75.5495732,02040202,Lower Delaware,0204020206,020402020605,Chester Creek,Chester,2011,15.28105848,5,0,0,5.95067265,0.7616151,0,0,73.0941704,12,16,5,17,13,7,13,20,7,12,8,7,137,6.61381142,0,41.8,13.2,14.3,6.6,0,14.4,0.4,0.8,2.9,0,2.8,0.4,2.2,0,0,9,0,212,2,1-Poor,1-Low
20111104-1230-sunger,Trout Creek,40.08956039,-75.42377259,02040203,Schuylkill,0204020310,020402031006,Mingo Creek-Schuylkill River,Chester,2011,24.56077049,11,2,2,5.70952381,1.26563428,0.95238095,0,65.71428571,14,15,13,18,15,9,17,14,8,12,4,4,143,3.63876038,0,46.9,8.8,5,1.8,0,27.4,0.6,1.4,1.2,0,5.8,0.6,0.6,0,0,42,1,159,6,1-Poor,1-Low
20120124-1320-efilip,Pickering Creek,40.07974091,-75.64720139,02040203,Schuylkill,0204020310,020402031003,Pickering Creek,Chester,2012,65.97859637,22,10,16,2.97058824,1.75641742,73.03921569,2.45098039,57.35294118,14,13,14,18,8,13,14,18,13,4,8,6,143,3.42852784,0.3,16.4,12.6,6.8,1.2,0.3,22.2,0,0.4,4.9,0.3,13,16.1,5.4,0.1,16,14,120,39,4,3-Good,2-Medium
20120125-1100-efilip,Pickering Creek  Unnamed  To (ID:25980256),40.10766229,-75.60032276,02040203,Schuylkill,0204020310,020402031003,Pickering Creek,Chester,2012,61.57179035,20,8,10,2.92139738,1.97199035,71.1790393,1.74672489,43.23144105,10,11,9,15,17,4,14,14,11,9,19,17,150,3.16860401,0.3,10,0.5,0.2,0,0,23.6,0.1,0.4,7.1,0.1,21,32.1,4.3,0.4,4,25,48,116,24,2-Average,2-Medium
20120125-1405-efilip,Pickering Creek  Unnamed  To (ID:25980252),40.10809234,-75.51269723,02040203,Schuylkill,0204020310,020402031003,Pickering Creek,Chester,2012,62.40650983,27,9,6,3.59405941,2.61373713,50,2.47524752,26.73267327,5,11,3,13,17,2,13,14,3,5,10,8,104,1.80469866,0,17.7,2.1,0.6,0,0,48.2,0.1,0.3,7,1.2,18.1,3.2,1.6,0,5,30,81,22,51,2-Average,3-High
20120131-1300-efilip,Valley Creek,40.05088234,-75.55555299,02040203,Schuylkill,0204020310,020402031004,Little Valley Creek-Valley Creek,Chester,2012,24.46277984,13,1,0,5.84951456,1.40898539,1.45631068,0,61.16504854,17,14,11,19,13,9,17,18,15,9,10,8,160,4.01353032,0,31.2,8.7,9.5,1.6,0,26.7,0.1,0.3,7,0.1,8.3,5.6,0.9,0,5,13,0,164,18,1-Poor,1-Low
20120131-1301-efilip,Valley Creek,40.05088235,-75.5555531,02040203,Schuylkill,0204020310,020402031004,Little Valley Creek-Valley Creek,Chester,2012,27.79189871,13,2,2,5.72522523,1.66966916,0.45045045,0.45045045,44.14414414,17,14,11,19,13,9,17,18,15,9,10,8,160,4.01353032,0,31.2,8.7,9.5,1.6,0,26.7,0.1,0.3,7,0.1,8.3,5.6,0.9,0,5,32,0,154,26,1-Poor,2-Medium
20120203-1325-efilip,Valley Creek  Unnamed  To (ID:25980334),40.06769832,-75.51757435,02040203,Schuylkill,0204020310,020402031004,Little Valley Creek-Valley Creek,Chester,2012,30.06133312,12,2,5,5.65550239,1.79739963,3.3492823,1.9138756,39.23444976,12,16,8,18,19,7,18,15,13,17,17,17,177,2.61192211,1.2,23.1,13.7,20.1,9.6,0.9,19,0,0,5.6,0,2.3,4,0.5,0,25,13,1,119,33,2-Average,2-Medium
20120203-1450-efilip,Valley Creek,40.06668038,-75.51690995,02040203,Schuylkill,0204020310,020402031004,Little Valley Creek-Valley Creek,Chester,2012,23.65912476,10,1,2,6.17117117,1.52814129,0.45045045,0.45045045,51.8018018,10,13,8,17,18,6,17,16,7,14,17,18,161,6.64178452,0.4,31.1,10.5,10.3,1.7,0,27.5,0.1,0.5,6.5,0.1,5.9,4.3,1,0,17,7,0,150,6,1-Poor,2-Medium
20120301-0935-efilip,Little Valley Creek,40.06892867,-75.47064179,02040203,Schuylkill,0204020310,020402031004,Little Valley Creek-Valley Creek,Chester,2012,27.57198884,13,3,3,5.74489796,1.39352944,1.02040816,0,58.16326531,17,18,11,18,14,9,19,14,8,9,13,12,162,7.04678619,0.2,29.4,15,17.4,4.4,0,28.4,0.1,1.1,2.4,0,0.9,0.2,0.5,0,41,5,2,122,13,1-Poor,1-Low
20120301-1130-sunger,Valley Creek,40.06759314,-75.48172386,02040203,Schuylkill,0204020310,020402031004,Little Valley Creek-Valley Creek,Chester,2012,26.4034705,11,0,0,5.41262136,1.87938003,2.42718447,0,36.89320388,11,11,8,15,16,6,13,17,10,8,5,5,125,11.80672903,0.5,29.8,9.7,10.6,3.1,0.2,26.5,0.2,0.7,7.2,0.1,5.3,4.7,1.4,0,30,43,0,92,37,1-Poor,2-Medium
20120301-1245-aeverett,Little Valley Creek  Unnamed  To (ID:26003142),40.05856099,-75.46987594,02040203,Schuylkill,0204020310,020402031004,Little Valley Creek-Valley Creek,Chester,2012,47.13076073,19,8,17,5.22897196,1.72284596,16.35514019,1.86915888,60.28037383,15,15,14,17,14,15,16,15,14,11,11,11,168,1.09390419,0,34.3,8.6,8.4,1.1,0,45.4,0,1.1,0,0,0,0,1.1,0,133,26,16,21,2,3-Good,2-Medium
20120404-1410-efilip,Valley Creek,40.09562316,-75.45973679,02040203,Schuylkill,0204020310,020402031004,Little Valley Creek-Valley Creek,Chester,2012,27.77086068,15,1,3,6.30952381,1.72487158,1.9047619,0,45.23809524,13,16,12,18,13,9,17,16,7,13,12,11,157,22.82343534,0.3,28.6,11.8,12.3,3.1,0.1,28.1,0.1,0.8,5.4,0.1,5,3.2,1,0,33,5,0,128,11,1-Poor,2-Medium
20120413-1515-efilip,Pine Creek,40.18308189,-75.81053758,02040203,Schuylkill,0204020307,020402030701,Upper French Creek,Chester,2012,28.52907067,11,4,6,5.62272727,1.09980462,7.27272727,3.18181818,46.36363636,10,14,11,13,13,7,17,12,12,14,17,17,157,2.0338695,0,6.6,0.3,0.4,0,0,47.8,2.3,2.1,11.5,0.7,7.4,19.7,1.2,0,8,10,0,201,0,2-Average,1-Low
20120418-1335-efilip,Pine Creek,40.19004543,-75.76406485,02040203,Schuylkill,0204020307,020402030701,Upper French Creek,Chester,2012,75.90554338,28,16,25,3.75242718,2.57993881,45.14563107,36.40776699,24.27184466,12,12,9,13,18,7,14,15,10,13,17,16,156,5.80137573,0.1,6.5,0.2,0.1,0,0,57.6,0.9,1.4,10.1,0.9,5.2,11.5,5.6,0,72,14,12,42,45,3-Good,3-High
20120419-1325-efilip,French Creek  Unnamed  To (ID:25990386),40.17961654,-75.73652189,02040203,Schuylkill,0204020307,020402030701,Upper French Creek,Chester,2012,75.10239233,15,13,23,1.775,2.18173352,88.5,40,22,12,8,17,14,20,14,10,14,18,15,18,17,177,2.08234461,0,6,1.1,0.1,0,1.4,70.7,0,0,5.4,1.9,3.4,3.8,6.1,0,73,55,49,15,0,3-Good,3-High
20120419-1525-efilip,South Branch French Creek,40.15112886,-75.72651194,02040203,Schuylkill,0204020307,020402030702,Lower French Creek,Chester,2012,47.46866884,20,8,8,4.89041096,2.2652888,15.98173516,26.02739726,30.59360731,12,15,10,17,19,8,17,17,8,5,13,9,150,10.28002365,0.1,17.2,2.7,0.7,0,0,30.2,0,0,7,0.6,18,20.4,3.1,0,75,9,2,103,18,2-Average,3-High
20120420-1310-efilip,French Creek,40.1725017,-75.72098668,02040203,Schuylkill,0204020307,020402030701,Upper French Creek,Chester,2012,71.17194331,27,12,18,2.77464789,2.08437284,61.50234742,56.80751174,46.94835681,18,13,14,14,19,14,17,17,14,14,8,8,170,19.02604476,0.7,7.6,0.3,0.1,0,0.1,60.9,0.6,0.6,7.8,0.7,7.6,8.5,4.4,0,121,17,5,43,13,3-Good,3-High
20120420-1311-efilip,French Creek,40.1725017,-75.72098668,02040203,Schuylkill,0204020307,020402030701,Upper French Creek,Chester,2012,75.1134389,31,14,19,3.32126697,2.58200889,51.13122172,40.27149321,30.31674208,18,13,14,14,19,14,17,17,14,14,8,8,170,19.02604476,0.7,7.6,0.3,0.1,0,0.1,60.9,0.6,0.6,7.8,0.7,7.6,8.5,4.4,0,95,18,14,43,28,3-Good,3-High
20120424-1150-efilip,Beaver Run,40.14678333,-75.68385778,02040203,Schuylkill,0204020307,020402030702,Lower French Creek,Chester,2012,83.71820481,29,17,25,2.37264151,2.61745499,62.26415094,32.0754717,24.52830189,16,13,8,18,13,13,13,17,14,13,10,11,159,2.97696225,0,9.6,0.2,0.1,0.1,0.2,46.6,0.6,0.3,11,1.2,18,7.8,4.4,0,70,67,22,23,26,3-Good,3-High
20120424-1500-efilip,Beaver Run,40.16102092,-75.67116339,02040203,Schuylkill,0204020307,020402030702,Lower French Creek,Chester,2012,85.62298391,31,14,30,1.74261603,2.16958329,77.21518987,49.78902954,45.99156118,18,17,12,19,19,10,17,16,13,7,7,6,161,4.97618396,0.13276501,9.47522884,0.19565369,0.04891342,0.03493816,0.09083921,49.28376773,0.40528265,0.1537279,9.8385857,0.85947872,17.89532527,6.76402767,4.74460205,0.07686395,122,47,22,14,19,3-Good,3-High
20120425-1145-efilip,French Creek,40.16779568,-75.67149424,02040203,Schuylkill,0204020307,020402030702,Lower French Creek,Chester,2012,55.53565206,23,10,17,5.54255319,2.44409541,21.80851064,16.4893617,29.25531915,17,13,11,18,18,11,13,18,14,17,10,13,173,38.70103039,0.4,10.3,1,0.2,0,0.1,51,0.3,0.5,7.3,0.6,12.3,11.7,4.3,0,38,2,5,24,38,3-Good,3-High
20120425-1500-efilip,French Creek,40.15195426,-75.62993073,02040203,Schuylkill,0204020307,020402030702,Lower French Creek,Chester,2012,66.29000491,27,13,21,4.66009852,2.63365259,29.06403941,16.25615764,15.7635468,18,16,11,20,18,11,17,18,12,17,13,13,184,47.79176327,0.3,10.2,1,0.3,0,0.1,49.6,0.4,0.5,7.6,0.7,14,11,4.2,0,50,16,10,38,45,3-Good,3-High
20120426-1300-efilip,Birch Run,40.1276766,-75.64634585,02040203,Schuylkill,0204020307,020402030702,Lower French Creek,Chester,2012,72.30144908,28,15,19,3.82683983,2.78468894,39.39393939,34.63203463,17.74891775,17,17,12,16,11,18,18,17,14,7,7,7,161,3.20248443,0.1,10.4,2.5,2.5,0,0,33.2,0.2,0.3,9.9,0.3,19.7,16.9,4,0.1,86,23,13,48,43,3-Good,3-High
20120426-1445-efilip,Birch Run,40.14715683,-75.6225171,02040203,Schuylkill,0204020307,020402030702,Lower French Creek,Chester,2012,74.56484206,32,15,26,3.88789238,2.60701674,30.94170404,17.04035874,26.00896861,17,18,14,20,13,12,17,17,11,7,8,7,161,6.52363732,0.2,10.2,1.2,1.2,0,0,40,0.3,0.4,9.4,0.5,18.9,14.3,3.2,0.1,57,30,10,62,22,3-Good,3-High
20121204-1230-sunger,Schuylkill River  Unnamed  To (ID:25990580),40.23522174,-75.68081246,02040203,Schuylkill,0204020306,020402030611,Sixpenny Creek-Schuylkill River,Chester,2012,44.85797342,19,4,2,4.38277512,2.29933549,30.14354067,2.8708134,23.44497608,6,15,7,12,15,13,16,12,14,16,12,15,153,1.80452492,0.4,15.3,1.4,0.1,0,0,32.4,0.1,1.2,15.1,0.6,15.5,16.6,1.3,0.1,6,81,0,85,23,1-Poor,3-High
20121204-1310-efilip,French Creek  Unnamed  To (ID:25989598),40.15142322,-75.60331352,02040203,Schuylkill,0204020307,020402030702,Lower French Creek,Chester,2012,60.8,17,7,4,3.06161137,1.37441104,71.56398104,4.73933649,63.98104265,12,15,13,18,18,10,18,13,10,12,11,12,162,59.02877945,0.3,10.6,1,0.4,0,0.1,46.4,0.4,0.5,7.9,0.7,16.3,11.4,3.9,0,10,17,2,174,6,1-Poor,1-Low
20121204-1415-sunger,Pigeon Creek,40.20196604,-75.61005027,02040203,Schuylkill,0204020310,020402031001,Pigeon Creek,Chester,2012,66.94170457,24,13,12,3.32407407,2.47160864,50.92592593,28.7037037,25.92592593,18,16,11,15,19,11,16,16,13,17,13,14,179,12.27740654,0.2,15.9,1.4,0.7,0.2,0,36.5,0.3,1.3,12.8,0.7,19.3,8.6,2.1,0.1,62,42,13,48,36,3-Good,3-High
20121204-1505-efilip,French Creek,40.13969547,-75.57614811,02040203,Schuylkill,0204020307,020402030702,Lower French Creek,Chester,2012,80,22,11,13,3.25,2.40874479,70.19230769,11.05769231,32.21153846,17,16,12,18,18,9,13,19,9,16,13,12,172,62.83520489,0.3,11,1.1,0.5,0,0.1,44.8,0.4,0.5,8,0.7,17.5,11.3,3.7,0,22,11,27,83,29,3-Good,3-High
20121205-1250-efilip,French Creek  Unnamed  To (ID:25989622),40.13389038,-75.55656158,02040203,Schuylkill,0204020307,020402030702,Lower French Creek,Chester,2012,62.30037023,24,9,8,3.73529412,2.50583328,57.35294118,13.23529412,21.56862745,12,13,10,13,12,11,18,14,9,17,17,15,161,2.03856065,0,38.5,12.7,5.1,0.2,0,16.9,0.2,1.4,8.1,0.5,12.7,2.9,1,0,28,41,45,65,18,2-Average,3-High
20121205-1251-efilip,French Creek  Unnamed  To (ID:25989622),40.13389038,-75.55656158,02040203,Schuylkill,0204020307,020402030702,Lower French Creek,Chester,2012,53.30073644,21,7,5,4.22641509,2.48968944,40.56603774,5.18867925,15.09433962,12,13,10,13,12,11,18,14,9,17,17,15,161,2.03856065,0,38.5,12.7,5.1,0.2,0,16.9,0.2,1.4,8.1,0.5,12.7,2.9,1,0,12,64,38,66,23,2-Average,3-High
20121206-1230-sunger,Pigeon Creek  Unnamed  To (ID:25989338),40.2012625,-75.61967446,02040203,Schuylkill,0204020310,020402031001,Pigeon Creek,Chester,2012,67.83141401,25,11,15,3.2372093,2.52705446,52.55813953,26.51162791,21.39534884,13,16,10,14,17,6,15,16,12,16,11,11,157,2.30091697,0,24.3,2.6,0.3,0.1,0,13.3,0.4,0.9,14.7,0.5,30.7,9.8,2,0.5,57,64,28,37,18,3-Good,3-High
20121213-1230-sunger,Pigeon Creek,40.20191962,-75.67196736,02040203,Schuylkill,0204020310,020402031001,Pigeon Creek,Chester,2012,59.36097453,20,9,7,3.61777778,2.41258171,56.44444444,13.77777778,27.55555556,16,12,12,14,18,13,16,15,15,13,13,11,168,2.90451019,0.7,15.8,1.2,0.2,0,0,61.6,0.1,0.5,7.8,0.4,7.8,1.3,2.6,0,31,47,13,100,19,2-Average,3-High
20130108-1040-lmaiuri,Black Run,39.73615111,-76.04466907,02050306,Lower Susquehanna,0205030615,020503061502,Tweed Creek-Octoraro Creek,Chester,2013,49.48252286,20,7,8,4.58823529,2.25003442,27.94117647,0.49019608,34.80392157,12,10,12,14,19,10,11,10,10,10,18,19,155,1.17695473,0,10,3.7,1.5,0.2,0,33.9,14.1,10.8,8.5,0.4,8.1,6.9,1.7,0,1,115,4,46,17,2-Average,3-High
20130108-1300-chaclark,Barren Brook,39.73364888,-75.94350201,02060002,Chester-Sassafras,0206000202,020600020202,Little Elk Creek,Chester,2013,44.00547508,17,5,5,4.4729064,2.134942,25.61576355,0,29.55665025,9,12,10,13,19,9,8,12,7,5,8,9,121,0.46702898,0,2.3,0.4,0,0,0,23.8,16.4,7.3,12.5,2.4,20.9,12.5,1.4,0,0,120,2,49,26,2-Average,3-High
20130109-1120-lmaiuri,Barren Brook,39.73364888,-75.94350201,02060002,Chester-Sassafras,0206000202,020600020202,Little Elk Creek,Chester,2013,42.36893452,17,3,4,4.40217391,1.85817075,35.86956522,0,33.69565217,17,17,16,15,17,11,18,13,10,10,10,7,161,0.46702898,0,2.3,0.4,0,0,0,23.8,16.4,7.3,12.5,2.4,20.9,12.5,1.4,0,0,85,0,84,4,1-Poor,2-Medium
20130109-1155-efilip,French Creek,40.13655208,-75.53062462,02040203,Schuylkill,0204020307,020402030702,Lower French Creek,Chester,2013,73,22,10,6,3.55555556,2.52458944,64.35185185,12.96296296,24.53703704,14,16,12,18,14,13,16,16,7,16,11,12,165,69.0827596,0.3,13.3,2.3,1.1,0.2,0,42,0.3,0.6,7.9,0.7,17.2,10.5,3.6,0,28,22,63,44,36,2-Average,3-High
20130109-1300-lmaiuri,Jordan Run,39.73870099,-75.93098368,02060002,Chester-Sassafras,0206000202,020600020202,Little Elk Creek,Chester,2013,46.63202117,18,5,3,4.0125523,1.83860012,44.76987448,1.67364017,40.58577406,15,18,13,17,18,16,18,15,13,13,15,16,187,2.87236722,0,5.2,0.2,0.1,0,0,19.9,0.7,1.2,4.1,1.7,34.3,31.8,0.7,0.2,3,66,0,140,20,1-Poor,2-Medium
20130115-1130-chaclark,Hodgson Run,39.75223848,-75.87052863,02060002,Chester-Sassafras,0206000202,020600020203,Big Elk Creek,Chester,2013,56.9272223,22,10,6,3.98378378,2.30383784,43.78378378,1.08108108,29.18918919,13,12,7,14,19,9,12,18,9,11,18,18,160,3.1274262,0,27.6,0.2,0.1,0,0,23.5,0.1,0.1,3.9,0.1,23.3,17.2,3.6,0.3,2,55,10,92,10,2-Average,3-High
20130118-1045-chaclark,Black Run,39.73615111,-76.04466907,02050306,Lower Susquehanna,0205030615,020503061502,Tweed Creek-Octoraro Creek,Chester,2013,64.4299166,25,11,11,3.84688995,2.61895902,47.84688995,1.4354067,18.66028708,13,15,14,16,17,14,18,18,12,14,16,15,182,1.17695473,0,10,3.7,1.5,0.2,0,33.9,14.1,10.8,8.5,0.4,8.1,6.9,1.7,0,26,60,24,74,9,3-Good,3-High
20130118-1300-chaclark,Hodgson Run,39.75223848,-75.87052863,02060002,Chester-Sassafras,0206000202,020600020203,Big Elk Creek,Chester,2013,50.82063108,17,6,3,3.79487179,2.1271727,53.33333333,1.53846154,29.23076923,9,12,7,14,17,4,15,12,9,12,14,11,136,3.1274262,0,27.6,0.2,0.1,0,0,23.5,0.1,0.1,3.9,0.1,23.3,17.2,3.6,0.3,3,44,26,100,8,1-Poor,3-High
20130129-0945-lmaiuri,Little Elk Creek,39.7260099,-75.92218783,02060002,Chester-Sassafras,0206000202,020600020202,Little Elk Creek,Chester,2013,46.44972126,15,4,1,3.45177665,1.58960896,61.92893401,2.03045685,58.37563452,13,13,11,15,18,10,13,16,8,7,2,2,128,10.3976496,0,13.2,3,1.4,0.6,0,15.9,1.4,0.8,3.8,0.8,31.7,26.1,1.1,0.2,4,42,0,131,3,1-Poor,2-Medium
20130129-1130-lmaiuri,Little Elk Creek,39.7260099,-75.92218783,02060002,Chester-Sassafras,0206000202,020600020202,Little Elk Creek,Chester,2013,60.06796408,23,9,8,3.71100917,2.13886243,59.17431193,15.59633028,35.32110092,17,16,13,16,20,13,17,16,18,17,19,20,202,10.3976496,0,13.2,3,1.4,0.6,0,15.9,1.4,0.8,3.8,0.8,31.7,26.1,1.1,0.2,34,50,9,109,4,2-Average,3-High
20130130-1015-lmaiuri,West Branch Big Elk Creek  Unnamed  To (ID:112188782),39.79894206,-75.94302452,02060002,Chester-Sassafras,0206000202,020600020203,Big Elk Creek,Chester,2013,40.63949167,19,4,2,5.01666667,2.06687345,22.22222222,7.77777778,37.22222222,15,18,9,18,18,5,19,12,5,8,17,16,160,3.16582404,0,12,7.4,3.4,1.4,0,13,0.1,0.2,1.5,1,28.7,28.1,3,0.2,14,46,0,91,19,1-Poor,3-High
20130130-1115-chaclark,Hodgson Run,39.75223848,-75.87052863,02060002,Chester-Sassafras,0206000202,020600020203,Big Elk Creek,Chester,2013,53.64325861,24,8,8,4.53271028,2.33335337,31.30841122,11.21495327,31.30841121,13,15,12,14,17,8,13,12,11,11,16,17,159,3.1274262,0,27.6,0.2,0.1,0,0,23.5,0.1,0.1,3.9,0.1,23.3,17.2,3.6,0.3,25,79,19,67,10,2-Average,3-High
20130213-1030-sunger,Pigeon Creek  Unnamed  To (ID:25990330),40.20177209,-75.67246128,02040203,Schuylkill,0204020310,020402031001,Pigeon Creek,Chester,2013,76.15789099,29,16,19,3.36231884,2.59636621,52.65700483,30.9178744,17.39130435,14,14,13,13,20,13,16,15,12,16,18,19,183,2.90451019,0.7,15.8,1.2,0.2,0,0,61.6,0.1,0.5,7.8,0.4,7.8,1.3,2.6,0,64,51,20,22,34,3-Good,3-High
20130226-1145-lmaiuri,West Branch Big Elk Creek  Unnamed  To (ID:112188782),39.79894206,-75.94302452,02060002,Chester-Sassafras,0206000202,020600020203,Big Elk Creek,Chester,2013,34.15239921,15,3,2,5.20095694,1.71707107,16.26794258,0.9569378,52.15311005,17,16,13,18,16,12,16,16,10,12,13,10,169,3.16582404,0,12,7.4,3.4,1.4,0,13,0.1,0.2,1.5,1,28.7,28.1,3,0.2,1,36,0,140,27,1-Poor,2-Medium
20130226-1300-chaclark,West Branch Big Elk Creek  Unnamed  To (ID:112188782),39.79894206,-75.94302452,02060002,Chester-Sassafras,0206000202,020600020203,Big Elk Creek,Chester,2013,36.56072038,20,4,1,5.45408163,2.03742682,6.63265306,4.59183673,32.14285714,11,15,9,16,14,11,12,14,8,12,10,3,135,3.16582404,0,12,7.4,3.4,1.4,0,13,0.1,0.2,1.5,1,28.7,28.1,3,0.2,9,93,0,70,16,1-Poor,3-High
20130304-1030-sunger,Schuylkill River  Unnamed  To (ID:133228816),40.18116589,-75.55820104,02040203,Schuylkill,0204020310,020402031006,Mingo Creek-Schuylkill River,Chester,2013,43.21912962,12,4,5,3.96172249,1.00231557,66.98564593,0.4784689,65.07177033,16,16,13,10,18,12,18,12,6,11,12,13,157,0.27955715,0,42.7,20.1,10.8,6.6,0,5.2,0,1.1,5.2,0.1,7.9,0.2,0,0,1,5,136,63,0,2-Average,1-Low
20130305-1100-lmaiuri,Big Elk Creek,39.73010818,-75.84824385,02060002,Chester-Sassafras,0206000202,020600020203,Big Elk Creek,Chester,2013,35.32177476,14,7,4,5.24712644,1.1762401,18.96551724,4.59770115,71.26436782,18,16,13,17,18,14,18,15,16,18,15,17,195,40.8553059,0,20.1,2.6,1.1,0.2,0,21.4,0.2,0.4,2.7,0.4,26.5,22.3,1.9,0.1,8,14,1,143,1,1-Poor,1-Low
20130305-1345-brussell,Big Elk Creek  Unnamed  To (ID:112189030),39.73085534,-75.84818762,02060002,Chester-Sassafras,0206000202,020600020203,Big Elk Creek,Chester,2013,67.26362391,22,11,11,2.64640884,1.92401594,77.90055249,12.15469613,52.48618785,11,15,7,16,14,9,15,13,14,14,18,17,163,40.83254519,0,20.1,2.6,1.1,0.2,0,21.4,0.2,0.4,2.7,0.4,26.5,22.3,1.9,0.1,23,18,15,111,8,3-Good,2-Medium
20130307-1145-sunger,Pigeon Creek  Unnamed  To (ID:25989380),40.19913586,-75.59806922,02040203,Schuylkill,0204020310,020402031001,Pigeon Creek,Chester,2013,50.84796427,18,6,8,3.79396985,2.30029392,34.67336683,22.11055276,20.60301508,8,10,5,13,18,5,14,15,5,7,5,7,112,12.94997688,0.2,16.3,1.6,0.8,0.2,0,35,0.3,1.3,12.7,0.8,19.7,9,2.1,0.1,44,52,7,41,50,2-Average,3-High
20130311-1430-sunger,Pigeon Creek,40.1917512,-75.63452056,02040203,Schuylkill,0204020310,020402031001,Pigeon Creek,Chester,2013,61.2806926,22,10,11,3.4354067,2.27887041,49.76076555,35.40669856,31.10047847,18,16,13,17,19,12,10,16,14,14,13,16,178,7.01846561,0.3,13.4,1.1,0.5,0.1,0,51.1,0.1,0.9,11.5,0.6,12.9,5.9,1.7,0,73,42,12,53,23,3-Good,3-High
20130315-1045-brussell,Barren Brook,39.73364888,-75.94350201,02060002,Chester-Sassafras,0206000202,020600020202,Little Elk Creek,Chester,2013,44.38878945,12,3,2,3.22033898,1.40556035,64.40677966,1.69491525,62.28813559,11,14,14,13,14,12,17,17,11,11,17,12,163,0.46702898,0,2.3,0.4,0,0,0,23.8,16.4,7.3,12.5,2.4,20.9,12.5,1.4,0,4,9,0,182,33,1-Poor,1-Low
20130315-1200-lmaiuri,Barren Brook,39.73364888,-75.94350201,02060002,Chester-Sassafras,0206000202,020600020202,Little Elk Creek,Chester,2013,33.84388485,15,4,2,5.29816514,1.94344748,4.58715596,0.91743119,36.23853211,10,13,17,18,12,8,11,11,4,5,17,15,141,0.46702898,0,2.3,0.4,0,0,0,23.8,16.4,7.3,12.5,2.4,20.9,12.5,1.4,0,2,94,1,87,32,1-Poor,2-Medium
20130320-1100-lmaiuri,Hodgson Run,39.75223848,-75.87052863,02060002,Chester-Sassafras,0206000202,020600020203,Big Elk Creek,Chester,2013,36.76161469,17,5,5,5.35,1.71053336,10.55555556,2.77777778,56.11111111,17,15,16,16,15,15,14,15,15,18,17,17,190,3.1274262,0,27.6,0.2,0.1,0,0,23.5,0.1,0.1,3.9,0.1,23.3,17.2,3.6,0.3,5,30,0,113,23,2-Average,2-Medium
20130320-1100-sunger,East Branch Big Elk Creek,39.85449621,-75.90670724,02060002,Chester-Sassafras,0206000202,020600020201,East Branch Big Elk Creek,Chester,2013,41.5396392,14,2,2,3.84343434,1.49871221,53.03030303,0,51.51515152,14,15,12,14,17,10,14,15,11,13,10,10,155,1.72199562,0,16.8,0.6,0.4,0.1,0,11.4,0.2,0.5,2.3,0.1,29.2,36.2,2.2,0,0,22,2,155,7,1-Poor,1-Low
20130320-1230-sunger,East Branch Big Elk Creek,39.82058443,-75.89681745,02060002,Chester-Sassafras,0206000202,020600020201,East Branch Big Elk Creek,Chester,2013,46.02030964,22,7,6,4.7952381,1.95849746,20.47619048,14.76190476,49.04761905,9,10,9,11,16,8,10,12,10,12,10,11,128,9.84913383,0,17.8,3,2.1,0.3,0,13.2,0.1,0.2,1.8,0.1,28.6,30.6,2.1,0.3,31,24,6,122,16,2-Average,2-Medium
20130320-1300-chaclark,Hodgson Run,39.75223848,-75.87052863,02060002,Chester-Sassafras,0206000202,020600020203,Big Elk Creek,Chester,2013,48.79820833,23,8,11,5.17391304,2.04131121,17.93478261,11.95652174,51.08695652,16,17,7,17,17,9,16,9,10,18,16,11,163,3.1274262,0,27.6,0.2,0.1,0,0,23.5,0.1,0.1,3.9,0.1,23.3,17.2,3.6,0.3,23,33,2,99,8,3-Good,3-High
20130320-1400-lmaiuri,Big Elk Creek,39.73010818,-75.84824385,02060002,Chester-Sassafras,0206000202,020600020203,Big Elk Creek,Chester,2013,47.13432486,15,7,6,4.25641026,1.94309739,38.88888889,11.96581197,33.76068376,18,16,10,16,15,10,16,17,13,18,9,8,166,40.8553059,0,20.1,2.6,1.1,0.2,0,21.4,0.2,0.4,2.7,0.4,26.5,22.3,1.9,0.1,28,45,6,130,19,2-Average,2-Medium
20130321-0852-lmaiuri,Black Run,39.73615111,-76.04466907,02050306,Lower Susquehanna,0205030615,020503061502,Tweed Creek-Octoraro Creek,Chester,2013,49.84809827,20,8,8,4.66028708,1.95088295,34.92822967,1.4354067,46.41148325,16,16,15,15,18,15,18,14,14,14,19,18,192,1.17695473,0,10,3.7,1.5,0.2,0,33.9,14.1,10.8,8.5,0.4,8.1,6.9,1.7,0,3,28,8,138,6,2-Average,2-Medium
20130326-1000-chaclark,West Branch Big Elk Creek  Unnamed  To (ID:112188782),39.79894206,-75.94302452,02060002,Chester-Sassafras,0206000202,020600020203,Big Elk Creek,Chester,2013,26.6197576,11,2,2,5.62149533,1.50966601,3.27102804,0.46728972,53.73831776,16,16,13,16,18,13,17,15,13,15,17,18,187,3.16582404,0,12,7.4,3.4,1.4,0,13,0.1,0.2,1.5,1,28.7,28.1,3,0.2,1,68,0,121,7,1-Poor,2-Medium
20130326-1130-lmaiuri,West Branch Big Elk Creek  Unnamed  To (ID:112188782),39.79894206,-75.94302452,02060002,Chester-Sassafras,0206000202,020600020203,Big Elk Creek,Chester,2013,26.33369323,12,3,1,5.69948187,1.2437049,5.69948187,3.62694301,63.21243523,16,14,15,18,15,9,16,15,10,10,6,7,151,3.16582404,0,12,7.4,3.4,1.4,0,13,0.1,0.2,1.5,1,28.7,28.1,3,0.2,7,47,0,130,3,1-Poor,1-Low
20130326-1300-chaclark,West Branch Big Elk Creek  Unnamed  To (ID:112188782),39.79894206,-75.94302452,02060002,Chester-Sassafras,0206000202,020600020203,Big Elk Creek,Chester,2013,35.05024513,16,4,4,5.44221106,1.72793148,11.55778894,5.02512563,37.18592965,13,18,11,18,17,15,16,16,14,15,17,15,185,3.16582404,0,12,7.4,3.4,1.4,0,13,0.1,0.2,1.5,1,28.7,28.1,3,0.2,10,90,0,84,7,1-Poor,2-Medium
20130327-1030-lmaiuri,East Branch Big Elk Creek,39.82058443,-75.89681745,02060002,Chester-Sassafras,0206000202,020600020201,East Branch Big Elk Creek,Chester,2013,23.30486062,11,1,1,6.61458333,1.53943145,2.60416667,0,33.33333333,18,12,10,14,16,6,17,14,10,16,16,18,167,9.84913383,0,17.8,3,2.1,0.3,0,13.2,0.1,0.2,1.8,0.1,28.6,30.6,2.1,0.3,0,80,0,69,2,1-Poor,2-Medium
20130327-1215-lmaiuri,East Branch Big Elk Creek,39.82058443,-75.89681745,02060002,Chester-Sassafras,0206000202,020600020201,East Branch Big Elk Creek,Chester,2013,32.16391543,16,4,2,5.54268293,1.70657219,3.04878049,3.65853659,52.43902439,10,14,10,16,13,10,12,10,13,10,14,10,142,9.84913383,0,17.8,3,2.1,0.3,0,13.2,0.1,0.2,1.8,0.1,28.6,30.6,2.1,0.3,6,39,0,88,25,1-Poor,2-Medium
20130327-1330-chaclark,West Branch Big Elk Creek  Unnamed  To (ID:112188782),39.79894206,-75.94302452,02060002,Chester-Sassafras,0206000202,020600020203,Big Elk Creek,Chester,2013,30.13866934,15,2,1,5.75449102,1.87846543,3.59281437,1.19760479,37.7245509,11,15,13,14,13,9,17,11,5,3,5,3,119,3.16582404,0,12,7.4,3.4,1.4,0,13,0.1,0.2,1.5,1,28.7,28.1,3,0.2,2,67,0,69,12,1-Poor,2-Medium
20130328-1130-chaclark,Black Run,39.73615111,-76.04466907,02050306,Lower Susquehanna,0205030615,020503061502,Tweed Creek-Octoraro Creek,Chester,2013,47.11228461,20,5,7,4.31372549,2.02304956,30.88235294,20.58823529,35.29411765,5,11,6,13,15,5,17,17,3,2,2,2,98,1.17695473,0,10,3.7,1.5,0.2,0,33.9,14.1,10.8,8.5,0.4,8.1,6.9,1.7,0,41,23,0,96,30,2-Average,3-High
20130910-1045-sunger,Taylor Run,39.96109444,-75.63889064,02040205,Brandywine-Christina,0204020501,020402050105,Lower East Branch Brandywine Creek,Chester,2013,23.9967097,10,1,0,5.48989899,1.51157622,0,0,46.46464646,15,11,11,14,16,5,12,13,5,9,16,16,143,5.19969355,0.1,39.5,9.9,6.5,2.1,0.2,22.3,0.5,1.7,4.5,0,8.3,2.9,1.5,0,33,114,0,47,2,1-Poor,2-Medium
20130910-1330-sunger,Taylor Run,39.96730083,-75.63023358,02040205,Brandywine-Christina,0204020501,020402050105,Lower East Branch Brandywine Creek,Chester,2013,24.24465887,13,1,0,5.68932039,1.3314202,0.97087379,0.48543689,55.82524272,13,15,7,13,13,11,16,16,10,13,11,11,149,3.46292952,0.1,44.3,8.5,4.5,1.2,0.3,26.5,0.8,2.1,4,0,4.1,2.2,1.3,0,10,67,0,118,5,1-Poor,1-Low
20130911-1020-sunger,Taylor Run,39.96775658,-75.62901163,02040205,Brandywine-Christina,0204020501,020402050105,Lower East Branch Brandywine Creek,Chester,2013,34.86112301,13,4,6,5.20408163,2.06067041,1.53061224,0.51020408,31.12244898,14,14,8,14,15,7,14,15,11,13,10,8,143,3.43860511,0.1,44.4,8.5,4.4,1.2,0.3,26.6,0.6,2.2,4.1,0,4.2,2.3,1.3,0,23,101,0,42,28,2-Average,3-High
20130919-1315-efilip,Chester Creek,39.92941925,-75.54954583,02040202,Lower Delaware,0204020206,020402020605,Chester Creek,Chester,2013,26.82242661,13,1,0,5.63783784,1.7889016,0,0,42.7027027,9,14,5,16,14,5,15,17,9,9,8,7,128,6.61381142,0,41.8,13.2,14.3,6.6,0,14.4,0.4,0.8,2.9,0,2.8,0.4,2.2,0,20,110,0,39,5,1-Poor,2-Medium
20130919-1430-efilip,Chester Creek  Unnamed  To (ID:25621322),39.94246952,-75.57254846,02040202,Lower Delaware,0204020206,020402020605,Chester Creek,Chester,2013,25.82986669,14,1,0,6.16574586,1.7180121,0,0,32.59668508,12,13,6,14,15,5,16,16,11,9,11,10,138,3.27389399,0,32.2,19.6,25.3,12.7,0,7.3,0,0.1,1.4,0,0.9,0,0.4,0,4,65,0,90,0,1-Poor,2-Medium
20130920-1530-efilip,Chester Creek  Unnamed  To (ID:25621322),39.95407909,-75.58925862,02040202,Lower Delaware,0204020206,020402020605,Chester Creek,Chester,2013,25.68177589,11,1,0,5.67005076,1.77784876,0,0,27.41116751,11,12,5,12,15,6,14,11,2,17,18,14,137,1.84344398,0,23.5,19.3,31.2,19.5,0,3.7,0,0.2,0.6,0,1.6,0,0.2,0,5,93,0,62,30,1-Poor,2-Medium
20140113-1100-chaclark,Black Run,39.73615111,-76.04466907,02050306,Lower Susquehanna,0205030615,020503061502,Tweed Creek-Octoraro Creek,Chester,2014,44.65077743,18,5,6,4.42857143,2.0119134,27.27272727,4.32900433,33.76623377,14,18,12,15,19,13,19,15,10,10,8,5,158,1.17695473,0,10,3.7,1.5,0.2,0,33.9,14.1,10.8,8.5,0.4,8.1,6.9,1.7,0,52,65,1,105,1,2-Average,3-High
20140113-1215-brussell,Valley Creek,39.94215617,-75.97349464,02050306,Lower Susquehanna,0205030614,020503061402,Valley Creek-East Branch Octoraro Creek,Chester,2014,34.69580779,17,3,3,5.32718894,1.98552946,5.06912442,1.38248848,37.32718894,5,8,10,14,14,13,11,13,12,8,16,7,131,10.22998469,0,13.8,3.6,1.6,0.7,0,19.2,0,0.1,2.6,0.2,23.2,32.7,2.1,0.3,3,100,1,94,11,1-Poor,2-Medium
20140113-1300-brussell,Officers Run,39.94790209,-75.96726387,02050306,Lower Susquehanna,0205030614,020503061402,Valley Creek-East Branch Octoraro Creek,Chester,2014,36.30064384,16,5,2,5.31555556,1.9131277,11.11111111,5.77777778,32,19,19,9,15,19,12,19,14,13,17,16,15,187,5.58836313,0,14.6,2.8,0.8,0.3,0,18.9,0,0,2.3,0.2,25.2,32.6,2.1,0.1,13,119,4,80,3,1-Poor,2-Medium
20140113-1430-chaclark,Black Run,39.73615111,-76.04466907,02050306,Lower Susquehanna,0205030615,020503061502,Tweed Creek-Octoraro Creek,Chester,2014,52.43486276,18,8,5,4.19704433,2.36255657,42.85714286,6.89655172,27.5862069,18,16,13,18,18,14,17,14,8,11,12,8,167,1.17695473,0,10,3.7,1.5,0.2,0,33.9,14.1,10.8,8.5,0.4,8.1,6.9,1.7,0,14,77,9,28,10,2-Average,3-High
20140115-1100-lmaiuri,Knight Run,39.88744386,-75.97797335,02050306,Lower Susquehanna,0205030614,020503061403,Muddy Run-East Branch Octoraro Creek,Chester,2014,34.05846149,16,2,1,4.87826087,2.15957395,3.47826087,0,20.86956522,5,12,9,14,15,7,11,17,2,3,5,3,103,8.03296797,0,6,1,0.3,0,0.1,11.1,0,0,1.1,0.4,31.9,47.1,0.8,0.1,3,100,1,61,53,1-Poor,3-High
20140115-1215-lmaiuri,Rattlesnake Run,39.86150724,-75.9731155,02050306,Lower Susquehanna,0205030614,020503061403,Muddy Run-East Branch Octoraro Creek,Chester,2014,41.78352631,19,6,5,5.11794872,1.8123245,21.02564103,1.53846154,50.76923077,12,15,7,18,14,9,17,12,9,8,9,9,139,2.60236609,0,7.5,0.5,0.1,0,0,16,0,0.1,0.8,0,36.2,37,1.7,0.1,3,54,20,111,3,2-Average,2-Medium
20140115-1400-lmaiuri,Muddy Run,39.83312402,-76.00415718,02050306,Lower Susquehanna,0205030614,020503061403,Muddy Run-East Branch Octoraro Creek,Chester,2014,32.18890279,15,4,4,5.42857143,1.57965111,3.84615385,0.54945055,38.46153846,16,17,10,16,18,6,16,12,9,7,8,6,141,13.4131835,0.1,7.8,0.6,0.3,0,0,17.3,0.2,0.2,2.2,0.3,35.1,34.6,1.5,0.1,1,97,1,75,3,1-Poor,2-Medium
20140220-1130-chaclark,Tweed Creek,39.7947147,-76.0298904,02050306,Lower Susquehanna,0205030615,020503061502,Tweed Creek-Octoraro Creek,Chester,2014,35.79604485,17,4,4,5.33333333,1.85669632,7.84313725,0.49019608,42.15686275,14,18,12,16,15,10,17,17,15,15,14,9,172,5.81909771,0.1,19.2,5.8,1.8,0.5,0,10.5,0.3,0.2,2.4,1,32.3,24.2,1.5,0.2,1,88,0,102,7,1-Poor,2-Medium
20140220-1300-chaclark,Tweed Creek,39.7947147,-76.0298904,02050306,Lower Susquehanna,0205030615,020503061502,Tweed Creek-Octoraro Creek,Chester,2014,38.94472217,17,4,7,5.23560209,2.08345977,9.42408377,1.04712042,34.03141361,14,18,13,16,15,10,17,17,15,15,14,9,173,5.81909771,0.1,19.2,5.8,1.8,0.5,0,10.5,0.3,0.2,2.4,1,32.3,24.2,1.5,0.2,2,84,0,78,11,2-Average,3-High
20140220-1400-chaclark,Tweed Creek,39.7947147,-76.0298904,02050306,Lower Susquehanna,0205030615,020503061502,Tweed Creek-Octoraro Creek,Chester,2014,28.05119047,15,2,0,5.53,1.55303085,2.5,0.5,54.5,14,16,12,15,16,10,17,15,13,16,15,14,173,5.81909771,0.1,19.2,5.8,1.8,0.5,0,10.5,0.3,0.2,2.4,1,32.3,24.2,1.5,0.2,1,71,0,118,5,1-Poor,2-Medium
20140310-1230-lmaiuri,Leech Run,39.80562741,-76.01013829,02050306,Lower Susquehanna,0205030614,020503061403,Muddy Run-East Branch Octoraro Creek,Chester,2014,32.91901713,14,3,2,5.21518987,1.73358024,12.23628692,0.84388186,45.99156118,19,18,7,16,20,11,18,15,11,15,18,19,187,4.24843475,0,17,4.3,0.9,0.1,0,7.8,0,0.1,1.2,0.1,31.9,35.4,1,0.3,5,90,1,135,2,1-Poor,2-Medium
20140310-1300-lmaiuri,Leech Run,39.80562741,-76.01013829,02050306,Lower Susquehanna,0205030614,020503061403,Muddy Run-East Branch Octoraro Creek,Chester,2014,31.28631819,14,5,4,5.5492228,1.32294877,6.21761658,0.51813472,65.80310881,19,18,7,16,20,11,18,15,11,15,18,19,187,4.24843475,0,17,4.3,0.9,0.1,0,7.8,0,0.1,1.2,0.1,31.9,35.4,1,0.3,3,49,2,134,1,1-Poor,1-Low
20140310-1330-brussell,Leech Run,39.80562741,-76.01013829,02050306,Lower Susquehanna,0205030614,020503061403,Muddy Run-East Branch Octoraro Creek,Chester,2014,32.07418388,13,2,2,5.06437768,1.86731573,9.44206009,0,39.91416309,19,18,7,16,20,7,17,12,11,15,17,13,172,4.24843475,0,17,4.3,0.9,0.1,0,7.8,0,0.1,1.2,0.1,31.9,35.4,1,0.3,1,99,2,119,11,1-Poor,2-Medium
20140310-1400-brussell,Leech Run,39.80562741,-76.01013829,02050306,Lower Susquehanna,0205030614,020503061403,Muddy Run-East Branch Octoraro Creek,Chester,2014,35.32464431,14,4,4,4.97468354,1.78913298,11.39240506,0.84388186,36.28691983,19,18,7,16,20,7,17,12,11,15,17,13,172,4.24843475,0,17,4.3,0.9,0.1,0,7.8,0,0.1,1.2,0.1,31.9,35.4,1,0.3,3,119,0,110,3,1-Poor,2-Medium
20140312-1200-lmaiuri,Tweed Creek,39.7947147,-76.0298904,02050306,Lower Susquehanna,0205030615,020503061502,Tweed Creek-Octoraro Creek,Chester,2014,37.66034842,16,5,3,5.1728972,1.92247963,14.01869159,0.46728972,42.99065421,9,18,12,17,18,11,19,18,9,12,18,15,176,5.81909771,0.1,19.2,5.8,1.8,0.5,0,10.5,0.3,0.2,2.4,1,32.3,24.2,1.5,0.2,1,83,0,108,5,1-Poor,2-Medium
20140409-1115-sunger,Indian Spring Run  Unnamed  To (ID:57463229),40.02602954,-75.93507139,02050306,Lower Susquehanna,0205030612,020503061201,Headwaters Pequea Creek,Chester,2014,77.50907166,30,15,26,3.53240741,2.56213392,48.61111111,25.92592593,25.92592593,16,13,11,14,18,11,17,19,13,17,15,15,179,1.10763011,0,14.2,1.4,0,0,0.2,51,0,0,8.2,2,9.4,13.5,0.2,0,111,25,21,25,16,3-Good,3-High
20140409-1315-sunger,Indian Spring Run,40.03312592,-75.92227878,02050306,Lower Susquehanna,0205030612,020503061201,Headwaters Pequea Creek,Chester,2014,74.49700291,25,12,20,2.71090047,2.28283742,72.51184834,44.54976303,32.22748815,14,13,14,14,14,12,15,16,15,16,15,15,173,1.14498548,0,10,0.4,0,0,0,72.5,0,0,4.2,1,4.1,6.7,1.1,0,43,8,44,19,23,3-Good,3-High
20140418-1100-sunger,West Branch Brandywine Creek  Unnamed  To (ID:26105802),40.00489287,-75.82181369,02040205,Brandywine-Christina,0204020502,020402050202,Upper West Branch Brandywine Creek,Chester,2014,54.4923532,19,7,12,3.7020202,2.22934721,38.38383838,30.80808081,29.7979798,15,16,12,14,17,13,17,16,14,15,16,17,182,1.87628197,0,29.3,2.6,0.2,0,0,24.7,0,0.2,9.9,0.9,21.7,9.6,0.9,0,61,33,4,50,48,3-Good,3-High
20140424-1245-sunger,Octoraro Creek,39.72343581,-76.11971083,02050306,Lower Susquehanna,0205030615,020503061502,Tweed Creek-Octoraro Creek,Chester,2014,42.4,15,6,4,5.15,1.76478826,12.5,13,38.5,13,13,10,14,20,11,12,17,11,14,19,19,173,172.6036944,0.5,8.2,1.3,0.5,0.1,0,19.1,0.7,0.8,2.3,0.3,32.6,31.8,1.5,0.2,26,10,0,100,56,1-Poor,2-Medium
20140424-1500-sunger,East Branch Octoraro Creek,39.88371383,-75.991145,02050306,Lower Susquehanna,0205030614,020503061402,Valley Creek-East Branch Octoraro Creek,Chester,2014,32.0601887,13,6,3,5.09302326,1.34356469,5.11627907,5.58139535,57.20930233,16,14,10,16,15,12,16,16,14,12,9,8,158,38.3059323,0,9.6,2.3,1,0.3,0,20.2,0,0.1,2.5,0.3,29.6,31.6,2.1,0.4,12,11,0,63,123,1-Poor,1-Low
20141112-0900-stodt,Chester Creek  Unnamed  To (ID:25621322),39.95407648,-75.58926108,02040202,Lower Delaware,0204020206,020402020605,Chester Creek,Chester,2014,23.14581667,10,1,1,5.60106383,1.25724925,2.12765957,0,47.87234043,3,15,4,11,4,3,10,9,3,4,4,15,85,1.84344398,0,23.5,19.3,31.2,19.5,0,3.7,0,0.2,0.6,0,1.6,0,0.2,0,0,159,0,23,1,1-Poor,1-Low
20141112-1030-tstoe,Chester Creek  Unnamed  To (ID:25621322),39.94230271,-75.57234363,02040202,Lower Delaware,0204020206,020402020605,Chester Creek,Chester,2014,22.20922644,9,0,0,6.27896996,1.72050083,0,0,28.75536481,4,13,4,18,4,12,9,17,10,17,5,8,121,3.27389399,0,32.2,19.6,25.3,12.7,0,7.3,0,0.1,1.4,0,0.9,0,0.4,0,0,127,0,49,1,1-Poor,2-Medium
20141112-1200-tstoe,Chester Creek,39.92988461,-75.54997749,02040202,Lower Delaware,0204020206,020402020605,Chester Creek,Chester,2014,23.10902198,12,1,0,5.28095238,1.095721,0.47619048,0,65.23809524,7,9,8,9,8,5,8,16,5,14,11,5,105,6.35493003,0,40.1,13.7,14.9,6.8,0,14.9,0.4,0.7,2.8,0,2.9,0.4,2.3,0,1,187,0,13,6,1-Poor,1-Low
20141205-1110-ablascovic,Pine Creek,39.95587843,-75.99142855,02050306,Lower Susquehanna,0205030614,020503061401,Pine Creek,Chester,2014,45.41110671,23,7,6,5.00454546,2.14970929,11.36363636,1.82648402,25.57077626,13,13,14,16,13,12,15,14,9,9,10,4,142,2.59680624,0,16,4.6,1.7,0.3,0,19.6,0,0,2.4,0.2,34.4,20.1,0.2,0.6,5,134,2,61,8,2-Average,3-High
20141208-0930-ablascovic,Valley Run,39.93885,-75.99,02050306,Lower Susquehanna,0205030614,020503061401,Pine Creek,Chester,2014,28.32247458,12,2,1,5.49189189,1.6909697,4.86486487,0.54054054,48.10810811,9,13,11,16,15,12,12,18,5,8,14,7,140,5.51452112,0,6.3,0.8,0.6,0,0,14.9,0,0,2.9,0.3,38,33.6,1.5,1,1,38,0,112,24,1-Poor,2-Medium
20141208-1000-ablascovic,Knott Run,39.90917552,-76.00026388,02050306,Lower Susquehanna,0205030614,020503061402,Valley Creek-East Branch Octoraro Creek,Chester,2014,70.52547643,19,13,28,3.12987013,2.21238095,51.94805195,12.98701299,28.13852814,15,18,12,16,17,15,18,17,11,15,19,16,189,1.76404212,0,4.9,0,0,0,0,33.8,0,0.1,0.6,0,30.8,29.3,0.4,0,94,55,43,34,0,3-Good,3-High
20141208-1030-ablascovic,Annan Run,39.89807415,-75.99583536,02050306,Lower Susquehanna,0205030614,020503061402,Valley Creek-East Branch Octoraro Creek,Chester,2014,82.97029032,24,15,28,2.2,2.60414507,72.09302326,12.55813953,17.20930233,15,18,12,15,18,14,16,17,16,15,18,14,188,1.14446424,0,7,0.4,0.1,0,0,29.6,0,0,2.3,0,24.7,35.9,0,0,14,92,46,36,1,3-Good,3-High
20141208-1100-ablascovic,Ball Run,39.85876,-76.01055,02050306,Lower Susquehanna,0205030614,020503061403,Muddy Run-East Branch Octoraro Creek,Chester,2014,40.21932543,17,5,5,4.56650246,2.08507984,8.86699507,0.98522167,32.01970443,10,11,12,17,15,8,13,15,7,12,8,10,138,3.57777558,0,5.1,0.2,0.2,0.1,0,17.6,0,0,1.3,0.1,40.1,32.8,2.4,0,4,126,1,28,36,2-Average,3-High
20141208-1115-ablascovic,Bells Run,39.84633,-76.02279,02050306,Lower Susquehanna,0205030614,020503061403,Muddy Run-East Branch Octoraro Creek,Chester,2014,29.47466074,14,1,0,5.23963134,1.87663736,4.14746544,0,32.25806452,8,6,8,12,16,7,6,19,4,3,8,15,112,4.15235328,0,4.4,0.3,0,0,0.1,12.7,0,0.2,1.7,0,43.7,35.7,1.1,0.2,0,59,0,99,11,1-Poor,2-Medium
20141208-1145-ablascovic,Coopers Run,39.83164,-76.02563,02050306,Lower Susquehanna,0205030614,020503061403,Muddy Run-East Branch Octoraro Creek,Chester,2014,26.63886038,12,3,0,5.38048781,1.38583948,1.95121951,0.97560976,51.70731707,8,7,10,17,15,13,10,15,5,9,3,13,125,6.27431194,0,6.4,0.7,0.4,0.2,0,10.4,0,0.2,1.6,0.1,54.6,24.4,0.6,0.2,2,141,0,51,7,1-Poor,1-Low
20141210-0945-ablascovic,Octoraro Creek  Unnamed  To (ID:57473111),39.73367,-76.12941,02050306,Lower Susquehanna,0205030615,020503061502,Tweed Creek-Octoraro Creek,Chester,2014,61.49710972,24,10,14,3.98571429,2.57052851,36.19047619,10.47619048,20.95238095,16,15,15,17,17,16,16,16,14,16,18,17,193,1.20041042,0,7.3,0.3,0,0,0,28.2,1.4,0.4,2.7,0.3,28.7,30.5,0,0,35,110,1,40,7,3-Good,3-High
20141215-1100-lmaiuri,North East Creek  Unnamed  To (ID:112189444),39.72319068,-75.98450422,02060002,Chester-Sassafras,0206000201,020600020102,North East Creek,Chester,2014,35.53777824,16,3,1,4.83333333,1.8999805,13.7254902,2.94117647,33.33333333,14,9,12,13,18,14,15,13,6,13,17,13,157,1.04925147,0,7.8,0.8,0,0,0,18.5,0.1,0.3,3.7,0.5,22.2,45.8,0.3,0,6,106,7,76,6,1-Poor,2-Medium
20141215-1300-lmaiuri,North East Creek  Unnamed  To (ID:112189444),39.72319068,-75.98450422,02060002,Chester-Sassafras,0206000201,020600020102,North East Creek,Chester,2014,32.98067794,14,2,2,5.1722488,1.95382234,10.04784689,1.4354067,37.32057416,14,11,10,13,13,11,12,13,8,5,8,3,121,1.04925147,0,7.8,0.8,0,0,0,18.5,0.1,0.3,3.7,0.5,22.2,45.8,0.3,0,3,150,0,39,7,1-Poor,2-Medium
20141216-1015-chaclark,North East Creek,39.73681151,-75.99305741,02060002,Chester-Sassafras,0206000201,020600020102,North East Creek,Chester,2014,35.02444651,13,2,1,4.74757282,1.9173893,21.84466019,0.48543689,37.37864078,13,11,8,15,15,9,19,8,6,8,6,3,121,3.31211809,0.3,9.5,1.5,0.8,0.2,0,9.2,0,0,1.7,0.1,40.6,33.9,1.7,0.5,1,137,0,58,5,1-Poor,2-Medium
20141216-1115-chaclark,North East Creek,39.74504487,-76.00156537,02060002,Chester-Sassafras,0206000201,020600020102,North East Creek,Chester,2014,47.46954246,23,6,5,4.58215962,2.34485266,18.30985915,1.87793427,23.00469484,15,13,15,13,16,11,14,12,10,10,10,8,147,1.03952172,0,11.5,3.6,1.5,0.4,0,10.8,0,0,1.8,0.2,32.6,34.4,2.7,0.4,3,115,3,65,16,2-Average,3-High
20141216-1240-lmaiuri,North East Creek,39.72711998,-76.00168762,02060002,Chester-Sassafras,0206000201,020600020102,North East Creek,Chester,2014,33.91744168,14,2,1,4.96137339,1.96166472,14.59227468,10.72961373,28.75536481,15,16,18,16,19,12,15,14,12,13,19,18,187,4.93612102,0.3,9.4,1.7,1.2,0.5,0,15.5,0.3,0.1,3,0.2,37.2,28.7,1.7,0.4,25,155,0,41,6,1-Poor,2-Medium
20150122-1030-chaclark,Trout Creek,40.07968633,-75.4314258,02040203,Schuylkill,0204020310,020402031006,Mingo Creek-Schuylkill River,Chester,2015,31.67247902,13,2,4,5.43946188,1.96319972,4.03587444,0,26.00896861,15,17,14,18,18,15,18,14,12,15,18,10,184,2.65970223,0,42.2,9.8,5.6,2.1,0,34.7,0.7,1.7,1,0,0.6,0.9,0.7,0,8,132,0,66,0,1-Poor,2-Medium
20151203-0945-jeremmille,Indian Spring Run,40.0272755,-75.93857108,02050306,Lower Susquehanna,0205030612,020503061201,Headwaters Pequea Creek,Chester,2015,67.48111706,25,15,19,3.92592593,2.52001943,31.48148148,18.05555556,20.37037037,16,15,14,15,15,14,16,17,13,15,14,10,174,1.71382956,0,12.1,0.9,0,0,0,59.8,0,0.5,3.7,0.8,8.5,12.5,1.2,0,34,91,8,14,56,3-Good,3-High
20161206-1013-efilip,Pickering Creek,40.10137868,-75.53550314,02040203,Schuylkill,0204020310,020402031003,Pickering Creek,Chester,2016,59.67159635,23,11,7,3.8277512,2.69118868,35.40669856,22.00956938,20.57416268,17,13,11,18,18,10,19,18,10,16,17,15,182,31.0313652,0.1,15.4,4.4,2.4,0.4,0,32.1,0.2,0.8,8.5,0.3,16.8,13,5.4,0.1,27,54,12,5,61,2-Average,3-High
